time,close,high,low,open,volume
2013-11-01 00:02:00,110.296,110.296,110.296,110.296,1
2013-11-01 07:42:00,110.302,110.302,110.302,110.302,1
2013-11-01 07:52:00,110.294,110.3,110.294,110.3,3
2013-11-01 07:55:00,110.294,110.302,110.294,110.298,8
2013-11-01 08:02:00,110.296,110.296,110.296,110.296,1
2013-11-01 08:03:00,110.302,110.302,110.294,110.294,8
2013-11-01 08:05:00,110.298,110.3,110.298,110.3,2
2013-11-01 08:06:00,110.302,110.302,110.3,110.3,2
2013-11-01 08:08:00,110.298,110.3,110.298,110.3,2
2013-11-01 08:09:00,110.302,110.302,110.298,110.3,6
2013-11-01 09:30:00,110.302,110.302,110.294,110.3,14
2013-11-01 09:52:00,110.294,110.3,110.294,110.3,3
2013-11-01 09:53:00,110.296,110.302,110.294,110.298,11
2013-11-01 09:54:00,110.302,110.302,110.294,110.294,48
2013-11-01 10:51:00,110.294,110.298,110.294,110.298,2
2013-11-01 11:34:00,110.286,110.29,110.286,110.29,2
2013-11-01 12:25:00,110.294,110.294,110.29,110.29,2
2013-11-01 13:59:00,110.294,110.302,110.294,110.296,5
2013-11-01 14:00:00,110.294,110.294,110.286,110.292,4
2013-11-01 14:01:00,110.294,110.294,110.286,110.292,5
2013-11-01 14:13:00,110.286,110.29,110.286,110.29,2
2013-11-01 14:32:00,110.294,110.294,110.29,110.29,2
2013-11-01 15:29:00,110.286,110.294,110.286,110.29,88
2013-11-01 15:31:00,110.294,110.294,110.288,110.288,3
2013-11-01 15:33:00,110.286,110.294,110.286,110.29,6
2013-11-01 15:34:00,110.29,110.29,110.288,110.288,2
2013-11-01 15:35:00,110.294,110.294,110.294,110.294,1
2013-11-01 15:36:00,110.294,110.294,110.286,110.292,8
2013-11-01 15:37:00,110.286,110.29,110.286,110.29,2
2013-11-01 16:15:00,110.286,110.294,110.286,110.29,4
2013-11-01 16:18:00,110.294,110.294,110.288,110.288,5
2013-11-01 16:30:00,110.286,110.292,110.286,110.292,3
2013-11-01 16:42:00,110.294,110.294,110.29,110.29,2
2013-11-01 17:20:00,110.294,110.294,110.286,110.29,6
2013-11-01 17:21:00,110.286,110.29,110.286,110.29,2
2013-11-01 20:59:00,110.286,110.286,110.286,110.286,1
2013-11-03 23:01:00,110.29,110.29,110.29,110.29,1
2013-11-03 23:05:00,110.282,110.29,110.282,110.288,6
2013-11-04 00:56:00,110.282,110.286,110.282,110.286,4
2013-11-04 03:36:00,110.282,110.29,110.282,110.29,3
2013-11-04 04:44:00,110.29,110.29,110.284,110.284,3
2013-11-04 04:46:00,110.282,110.286,110.282,110.286,2
2013-11-04 05:02:00,110.29,110.29,110.284,110.284,3
2013-11-04 05:46:00,110.282,110.282,110.282,110.282,1
2013-11-04 06:47:00,110.29,110.29,110.286,110.286,2
2013-11-04 06:57:00,110.286,110.288,110.286,110.288,2
2013-11-04 07:00:00,110.29,110.29,110.288,110.288,2
2013-11-04 11:21:00,110.298,110.298,110.298,110.298,1
2013-11-04 11:22:00,110.29,110.294,110.29,110.294,2
2013-11-04 11:50:00,110.298,110.298,110.298,110.298,1
2013-11-04 12:26:00,110.29,110.294,110.29,110.294,2
2013-11-04 13:20:00,110.298,110.298,110.294,110.294,2
2013-11-04 13:27:00,110.29,110.294,110.29,110.294,2
2013-11-04 13:28:00,110.298,110.298,110.294,110.294,2
2013-11-04 15:13:00,110.306,110.306,110.298,110.302,6
2013-11-04 15:14:00,110.3,110.302,110.3,110.302,6
2013-11-04 15:15:00,110.306,110.306,110.302,110.302,2
2013-11-04 15:16:00,110.298,110.302,110.298,110.302,2
2013-11-04 15:17:00,110.298,110.304,110.298,110.302,3
2013-11-04 15:23:00,110.306,110.306,110.302,110.302,2
2013-11-04 15:32:00,110.298,110.302,110.298,110.302,2
2013-11-04 17:05:00,110.298,110.306,110.298,110.302,4
2013-11-04 17:06:00,110.306,110.306,110.298,110.306,5
2013-11-04 17:30:00,110.298,110.302,110.298,110.302,2
2013-11-04 17:41:00,110.306,110.306,110.306,110.306,1
2013-11-04 17:57:00,110.298,110.306,110.298,110.298,14
2013-11-04 18:00:00,110.298,110.306,110.298,110.302,4
2013-11-04 18:41:00,110.304,110.304,110.302,110.302,2
2013-11-04 19:43:00,110.3,110.302,110.3,110.302,2
2013-11-04 19:48:00,110.306,110.306,110.306,110.306,1
2013-11-04 20:37:00,110.306,110.306,110.298,110.302,4
2013-11-04 21:06:00,110.306,110.306,110.298,110.302,4
2013-11-04 21:58:00,110.298,110.302,110.298,110.302,2
2013-11-04 21:59:00,110.298,110.298,110.298,110.298,1
2013-11-04 23:01:00,110.298,110.298,110.298,110.298,1
2013-11-04 23:05:00,110.304,110.304,110.3,110.3,2
2013-11-05 00:24:00,110.298,110.3,110.298,110.3,2
2013-11-05 01:53:00,110.304,110.304,110.3,110.3,2
2013-11-05 01:55:00,110.296,110.302,110.296,110.302,2
2013-11-05 03:24:00,110.302,110.302,110.3,110.3,2
2013-11-05 03:27:00,110.296,110.302,110.296,110.3,4
2013-11-05 10:50:00,110.288,110.296,110.288,110.288,9
2013-11-05 10:54:00,110.288,110.29,110.288,110.29,2
2013-11-05 10:55:00,110.288,110.296,110.288,110.29,5
2013-11-05 10:57:00,110.296,110.296,110.29,110.29,3
2013-11-05 11:01:00,110.292,110.294,110.292,110.294,2
2013-11-05 11:03:00,110.296,110.296,110.294,110.294,2
2013-11-05 11:06:00,110.292,110.294,110.292,110.294,2
2013-11-05 11:07:00,110.29,110.29,110.288,110.288,2
2013-11-05 11:08:00,110.29,110.29,110.288,110.288,2
2013-11-05 11:10:00,110.288,110.288,110.288,110.288,1
2013-11-05 11:28:00,110.29,110.29,110.29,110.29,1
2013-11-05 11:30:00,110.29,110.29,110.288,110.288,2
2013-11-05 11:31:00,110.296,110.296,110.294,110.294,2
2013-11-05 11:33:00,110.296,110.296,110.292,110.294,4
2013-11-05 11:36:00,110.296,110.296,110.292,110.294,8
2013-11-05 11:37:00,110.296,110.296,110.292,110.294,4
2013-11-05 11:39:00,110.292,110.296,110.292,110.294,6
2013-11-05 11:40:00,110.296,110.296,110.294,110.294,2
2013-11-05 11:41:00,110.296,110.296,110.292,110.294,4
2013-11-05 11:42:00,110.296,110.296,110.292,110.294,4
2013-11-05 11:43:00,110.296,110.296,110.292,110.294,4
2013-11-05 11:44:00,110.296,110.296,110.292,110.294,4
2013-11-05 11:45:00,110.296,110.296,110.288,110.294,6
2013-11-05 11:46:00,110.288,110.294,110.288,110.294,3
2013-11-05 11:48:00,110.296,110.296,110.29,110.29,3
2013-11-05 11:52:00,110.292,110.294,110.292,110.294,2
2013-11-05 11:53:00,110.288,110.288,110.288,110.288,1
2013-11-05 11:54:00,110.288,110.296,110.288,110.292,4
2013-11-05 11:59:00,110.296,110.296,110.292,110.292,2
2013-11-05 12:22:00,110.288,110.292,110.288,110.292,2
2013-11-05 14:41:00,110.28,110.288,110.28,110.284,6
2013-11-05 14:42:00,110.288,110.288,110.284,110.284,2
2013-11-05 14:49:00,110.28,110.284,110.28,110.284,2
2013-11-05 14:52:00,110.288,110.288,110.284,110.284,2
2013-11-05 14:54:00,110.28,110.286,110.28,110.286,3
2013-11-05 14:55:00,110.288,110.288,110.282,110.282,3
2013-11-05 14:56:00,110.288,110.288,110.28,110.284,4
2013-11-05 15:00:00,110.28,110.288,110.28,110.284,12
2013-11-05 15:04:00,110.288,110.288,110.284,110.284,2
2013-11-05 15:05:00,110.28,110.288,110.28,110.284,13
2013-11-05 15:15:00,110.288,110.288,110.284,110.284,2
2013-11-05 15:25:00,110.28,110.284,110.28,110.284,2
2013-11-05 15:28:00,110.288,110.288,110.284,110.284,2
2013-11-05 15:35:00,110.28,110.286,110.28,110.286,3
2013-11-05 15:37:00,110.288,110.288,110.282,110.282,3
2013-11-05 15:38:00,110.28,110.286,110.28,110.286,3
2013-11-05 15:41:00,110.288,110.288,110.282,110.282,3
2013-11-05 16:08:00,110.288,110.288,110.28,110.284,4
2013-11-05 16:12:00,110.28,110.288,110.28,110.286,12
2013-11-05 16:13:00,110.288,110.288,110.284,110.284,2
2013-11-05 16:20:00,110.28,110.286,110.28,110.286,2
2013-11-05 16:46:00,110.272,110.276,110.272,110.276,2
2013-11-05 16:54:00,110.28,110.28,110.276,110.276,2
2013-11-05 17:35:00,110.288,110.288,110.284,110.284,2
2013-11-05 18:19:00,110.296,110.296,110.29,110.29,2
2013-11-05 19:15:00,110.304,110.304,110.3,110.3,2
2013-11-05 19:22:00,110.296,110.3,110.296,110.3,2
2013-11-05 19:24:00,110.304,110.304,110.3,110.3,2
2013-11-05 19:39:00,110.296,110.3,110.296,110.3,2
2013-11-05 19:40:00,110.304,110.304,110.296,110.3,6
2013-11-05 21:33:00,110.304,110.312,110.304,110.308,12
2013-11-05 21:38:00,110.308,110.312,110.308,110.308,5
2013-11-05 21:39:00,110.308,110.312,110.304,110.306,6
2013-11-05 21:40:00,110.312,110.312,110.304,110.306,19
2013-11-05 21:41:00,110.312,110.312,110.304,110.308,8
2013-11-05 21:42:00,110.312,110.312,110.304,110.308,4
2013-11-05 21:46:00,110.306,110.308,110.306,110.308,2
2013-11-05 21:50:00,110.306,110.308,110.306,110.308,2
2013-11-05 21:51:00,110.312,110.312,110.308,110.308,2
2013-11-05 21:52:00,110.304,110.308,110.304,110.308,2
2013-11-05 21:55:00,110.306,110.308,110.306,110.308,2
2013-11-05 21:57:00,110.312,110.312,110.306,110.308,4
2013-11-05 21:58:00,110.304,110.312,110.304,110.308,6
2013-11-05 21:59:00,110.304,110.304,110.304,110.304,1
2013-11-05 23:01:00,110.312,110.312,110.308,110.308,2
2013-11-05 23:04:00,110.304,110.308,110.304,110.308,2
2013-11-05 23:12:00,110.306,110.312,110.306,110.308,4
2013-11-05 23:19:00,110.306,110.312,110.304,110.308,8
2013-11-05 23:27:00,110.308,110.312,110.306,110.308,5
2013-11-05 23:28:00,110.304,110.312,110.304,110.312,11
2013-11-05 23:32:00,110.312,110.312,110.308,110.308,2
2013-11-05 23:36:00,110.304,110.308,110.304,110.308,2
2013-11-05 23:41:00,110.312,110.312,110.308,110.308,2
2013-11-06 06:06:00,110.326,110.326,110.326,110.326,1
2013-11-06 06:08:00,110.318,110.318,110.318,110.318,1
2013-11-06 06:15:00,110.326,110.326,110.322,110.322,2
2013-11-06 06:18:00,110.318,110.318,110.318,110.318,1
2013-11-06 06:20:00,110.32,110.32,110.32,110.32,1
2013-11-06 06:23:00,110.318,110.318,110.318,110.318,1
2013-11-06 06:24:00,110.326,110.326,110.322,110.322,2
2013-11-06 06:33:00,110.322,110.326,110.318,110.322,6
2013-11-06 06:34:00,110.326,110.326,110.324,110.324,2
2013-11-06 06:36:00,110.322,110.324,110.322,110.324,2
2013-11-06 06:37:00,110.32,110.326,110.318,110.324,4
2013-11-06 06:38:00,110.32,110.326,110.318,110.318,82
2013-11-06 06:39:00,110.326,110.326,110.318,110.318,4
2013-11-06 06:43:00,110.318,110.318,110.318,110.318,1
2013-11-06 06:45:00,110.32,110.32,110.32,110.32,1
2013-11-06 06:47:00,110.326,110.326,110.324,110.324,2
2013-11-06 07:40:00,110.318,110.324,110.318,110.324,3
2013-11-06 08:15:00,110.326,110.326,110.322,110.322,2
2013-11-06 08:16:00,110.322,110.326,110.322,110.324,6
2013-11-06 08:17:00,110.318,110.318,110.318,110.318,1
2013-11-06 08:37:00,110.326,110.326,110.32,110.32,3
2013-11-06 08:42:00,110.318,110.322,110.318,110.322,2
2013-11-06 08:43:00,110.326,110.326,110.32,110.32,2
2013-11-06 08:44:00,110.326,110.326,110.318,110.322,5
2013-11-06 08:49:00,110.318,110.322,110.318,110.322,2
2013-11-06 08:54:00,110.32,110.32,110.32,110.32,1
2013-11-06 08:55:00,110.318,110.318,110.318,110.318,1
2013-11-06 08:56:00,110.326,110.326,110.318,110.32,5
2013-11-06 08:57:00,110.318,110.324,110.318,110.324,3
2013-11-06 08:58:00,110.326,110.326,110.32,110.32,3
2013-11-06 08:59:00,110.318,110.322,110.318,110.322,2
2013-11-06 09:17:00,110.318,110.326,110.318,110.322,22
2013-11-06 09:18:00,110.318,110.326,110.318,110.32,6
2013-11-06 09:19:00,110.318,110.326,110.318,110.322,4
2013-11-06 09:20:00,110.32,110.326,110.318,110.322,5
2013-11-06 09:21:00,110.322,110.326,110.322,110.324,4
2013-11-06 09:24:00,110.326,110.326,110.324,110.324,2
2013-11-06 09:33:00,110.318,110.322,110.318,110.322,2
2013-11-06 11:00:00,110.31,110.314,110.31,110.314,2
2013-11-06 12:44:00,110.318,110.318,110.31,110.314,13
2013-11-06 13:04:00,110.326,110.326,110.322,110.322,2
2013-11-06 13:07:00,110.318,110.322,110.318,110.322,2
2013-11-06 13:14:00,110.318,110.326,110.318,110.322,4
2013-11-06 13:15:00,110.326,110.326,110.322,110.322,2
2013-11-06 13:37:00,110.318,110.322,110.318,110.322,2
2013-11-06 14:44:00,110.326,110.326,110.322,110.322,2
2013-11-06 14:52:00,110.318,110.322,110.318,110.322,2
2013-11-06 15:31:00,110.326,110.326,110.322,110.322,2
2013-11-06 15:34:00,110.322,110.326,110.318,110.322,7
2013-11-06 15:35:00,110.326,110.326,110.318,110.318,4
2013-11-06 15:38:00,110.318,110.326,110.318,110.322,7
2013-11-06 16:21:00,110.326,110.326,110.322,110.322,2
2013-11-06 17:00:00,110.326,110.332,110.326,110.33,4
2013-11-06 17:50:00,110.326,110.326,110.318,110.322,4
2013-11-06 17:56:00,110.318,110.324,110.318,110.324,3
2013-11-06 18:04:00,110.326,110.326,110.322,110.322,2
2013-11-06 18:59:00,110.318,110.322,110.318,110.322,2
2013-11-06 19:25:00,110.326,110.326,110.322,110.322,2
2013-11-06 19:45:00,110.334,110.334,110.33,110.33,2
2013-11-06 19:46:00,110.326,110.33,110.326,110.33,2
2013-11-06 19:52:00,110.334,110.334,110.326,110.33,9
2013-11-06 19:55:00,110.326,110.332,110.326,110.33,6
2013-11-06 20:36:00,110.326,110.326,110.318,110.318,6
2013-11-06 20:40:00,110.326,110.326,110.318,110.324,23
2013-11-06 20:41:00,110.326,110.326,110.318,110.322,13
2013-11-06 21:59:00,110.326,110.326,110.326,110.326,1
2013-11-07 04:29:00,110.332,110.332,110.332,110.332,1
2013-11-07 08:11:00,110.324,110.332,110.324,110.33,6
2013-11-07 08:55:00,110.318,110.324,110.318,110.318,10
2013-11-07 09:24:00,110.324,110.324,110.318,110.32,4
2013-11-07 09:53:00,110.324,110.324,110.318,110.322,12
2013-11-07 09:55:00,110.318,110.322,110.318,110.322,2
2013-11-07 09:56:00,110.318,110.32,110.318,110.32,2
2013-11-07 09:59:00,110.32,110.32,110.32,110.32,1
2013-11-07 10:00:00,110.324,110.324,110.324,110.324,1
2013-11-07 10:16:00,110.318,110.318,110.318,110.318,1
2013-11-07 10:18:00,110.324,110.324,110.32,110.32,2
2013-11-07 10:19:00,110.318,110.322,110.318,110.322,2
2013-11-07 10:40:00,110.324,110.324,110.32,110.32,2
2013-11-07 12:10:00,110.332,110.332,110.328,110.328,2
2013-11-07 12:35:00,110.34,110.34,110.336,110.336,2
2013-11-07 12:44:00,110.348,110.348,110.344,110.344,2
2013-11-07 12:45:00,110.364,110.364,110.34,110.344,20
2013-11-07 12:46:00,110.356,110.372,110.356,110.368,6
2013-11-07 12:47:00,110.364,110.364,110.36,110.36,2
2013-11-07 13:13:00,110.356,110.362,110.356,110.36,4
2013-11-07 13:19:00,110.364,110.364,110.36,110.36,2
2013-11-07 13:21:00,110.358,110.36,110.358,110.36,2
2013-11-07 13:24:00,110.364,110.364,110.36,110.36,2
2013-11-07 13:25:00,110.356,110.36,110.356,110.36,2
2013-11-07 13:29:00,110.364,110.364,110.36,110.36,2
2013-11-07 13:30:00,110.348,110.36,110.348,110.36,32
2013-11-07 13:31:00,110.356,110.356,110.348,110.352,13
2013-11-07 13:35:00,110.356,110.364,110.356,110.36,4
2013-11-07 13:43:00,110.348,110.352,110.348,110.352,2
2013-11-07 13:45:00,110.348,110.348,110.34,110.344,9
2013-11-07 13:51:00,110.356,110.356,110.352,110.352,2
2013-11-07 13:53:00,110.348,110.352,110.348,110.352,2
2013-11-07 13:58:00,110.356,110.356,110.352,110.352,2
2013-11-07 13:59:00,110.348,110.352,110.348,110.352,2
2013-11-07 14:00:00,110.356,110.356,110.352,110.352,2
2013-11-07 14:03:00,110.348,110.352,110.348,110.352,2
2013-11-07 14:10:00,110.356,110.356,110.352,110.352,3
2013-11-07 14:11:00,110.356,110.356,110.348,110.352,4
2013-11-07 14:15:00,110.356,110.356,110.348,110.352,4
2013-11-07 14:16:00,110.356,110.356,110.348,110.354,5
2013-11-07 14:17:00,110.348,110.352,110.348,110.352,2
2013-11-07 14:18:00,110.348,110.356,110.348,110.352,5
2013-11-07 14:27:00,110.356,110.356,110.352,110.352,3
2013-11-07 14:44:00,110.356,110.356,110.348,110.352,4
2013-11-07 14:47:00,110.348,110.352,110.348,110.352,2
2013-11-07 14:49:00,110.356,110.356,110.348,110.35,6
2013-11-07 14:54:00,110.356,110.356,110.348,110.352,4
2013-11-07 14:55:00,110.356,110.356,110.348,110.352,4
2013-11-07 15:00:00,110.348,110.352,110.348,110.352,2
2013-11-07 15:01:00,110.356,110.356,110.352,110.352,2
2013-11-07 15:10:00,110.348,110.356,110.348,110.352,10
2013-11-07 15:11:00,110.348,110.356,110.348,110.35,10
2013-11-07 15:12:00,110.348,110.356,110.348,110.352,4
2013-11-07 15:17:00,110.356,110.356,110.352,110.352,2
2013-11-07 15:24:00,110.348,110.352,110.348,110.352,2
2013-11-07 15:34:00,110.34,110.348,110.34,110.344,12
2013-11-07 15:35:00,110.34,110.348,110.34,110.344,4
2013-11-07 15:51:00,110.332,110.336,110.332,110.336,2
2013-11-07 15:55:00,110.332,110.332,110.324,110.328,8
2013-11-07 16:02:00,110.34,110.34,110.336,110.336,2
2013-11-07 16:04:00,110.332,110.336,110.332,110.336,2
2013-11-07 16:18:00,110.34,110.34,110.336,110.336,2
2013-11-07 16:27:00,110.332,110.336,110.332,110.336,2
2013-11-07 16:30:00,110.34,110.34,110.336,110.336,2
2013-11-07 16:33:00,110.332,110.336,110.332,110.336,2
2013-11-07 16:35:00,110.334,110.34,110.334,110.336,4
2013-11-07 16:47:00,110.332,110.34,110.332,110.336,4
2013-11-07 16:48:00,110.332,110.34,110.332,110.336,9
2013-11-07 16:49:00,110.34,110.34,110.336,110.336,2
2013-11-07 17:58:00,110.334,110.34,110.332,110.336,12
2013-11-07 18:00:00,110.34,110.34,110.34,110.34,1
2013-11-07 18:06:00,110.336,110.336,110.334,110.336,3
2013-11-07 18:07:00,110.336,110.34,110.334,110.334,6
2013-11-07 18:08:00,110.336,110.34,110.334,110.334,3
2013-11-07 18:09:00,110.34,110.34,110.334,110.334,7
2013-11-07 18:12:00,110.334,110.336,110.334,110.336,2
2013-11-07 18:14:00,110.34,110.34,110.336,110.34,3
2013-11-07 18:17:00,110.334,110.336,110.334,110.336,2
2013-11-07 18:20:00,110.34,110.34,110.334,110.336,6
2013-11-07 18:23:00,110.332,110.336,110.332,110.336,2
2013-11-07 18:24:00,110.34,110.34,110.336,110.336,20
2013-11-07 18:25:00,110.334,110.34,110.334,110.336,67
2013-11-07 18:26:00,110.34,110.34,110.334,110.336,10
2013-11-07 18:37:00,110.332,110.34,110.332,110.336,5
2013-11-07 18:39:00,110.34,110.34,110.336,110.336,2
2013-11-07 18:45:00,110.334,110.336,110.334,110.336,2
2013-11-07 18:46:00,110.332,110.34,110.332,110.336,4
2013-11-07 18:47:00,110.334,110.34,110.332,110.336,6
2013-11-07 18:49:00,110.334,110.336,110.334,110.336,4
2013-11-07 18:50:00,110.34,110.34,110.332,110.336,14
2013-11-07 18:51:00,110.334,110.336,110.332,110.336,4
2013-11-07 18:52:00,110.34,110.34,110.334,110.338,8
2013-11-07 19:34:00,110.332,110.336,110.332,110.336,2
2013-11-07 19:42:00,110.34,110.34,110.336,110.336,2
2013-11-07 19:43:00,110.34,110.34,110.332,110.336,4
2013-11-07 19:46:00,110.332,110.336,110.332,110.336,2
2013-11-07 19:47:00,110.336,110.338,110.336,110.336,3
2013-11-07 19:48:00,110.332,110.338,110.332,110.332,6
2013-11-07 19:49:00,110.336,110.338,110.336,110.336,3
2013-11-07 19:50:00,110.332,110.338,110.332,110.338,8
2013-11-07 19:51:00,110.34,110.34,110.332,110.336,4
2013-11-07 19:52:00,110.34,110.34,110.332,110.336,6
2013-11-07 19:55:00,110.336,110.34,110.332,110.336,5
2013-11-07 19:56:00,110.338,110.338,110.336,110.338,3
2013-11-07 20:00:00,110.332,110.332,110.332,110.332,1
2013-11-07 20:04:00,110.34,110.34,110.336,110.336,2
2013-11-07 20:27:00,110.332,110.336,110.332,110.336,2
2013-11-07 20:38:00,110.338,110.338,110.336,110.336,2
2013-11-07 20:39:00,110.332,110.332,110.332,110.332,1
2013-11-07 20:40:00,110.332,110.338,110.332,110.336,4
2013-11-07 20:51:00,110.338,110.338,110.336,110.336,2
2013-11-07 20:53:00,110.34,110.34,110.332,110.336,4
2013-11-07 20:54:00,110.334,110.338,110.334,110.336,4
2013-11-07 20:55:00,110.336,110.34,110.336,110.336,3
2013-11-07 20:56:00,110.336,110.336,110.334,110.334,2
2013-11-07 20:57:00,110.336,110.34,110.334,110.334,8
2013-11-07 20:58:00,110.338,110.34,110.334,110.338,9
2013-11-07 20:59:00,110.334,110.336,110.334,110.336,2
2013-11-07 21:01:00,110.334,110.336,110.334,110.336,2
2013-11-07 21:02:00,110.334,110.336,110.334,110.336,4
2013-11-07 21:03:00,110.334,110.336,110.334,110.336,2
2013-11-07 21:59:00,110.334,110.334,110.334,110.334,1
2013-11-08 02:39:00,110.34,110.34,110.34,110.34,1
2013-11-08 09:48:00,110.34,110.34,110.332,110.336,6
2013-11-08 12:46:00,110.332,110.338,110.332,110.336,15
2013-11-08 12:52:00,110.338,110.338,110.334,110.334,2
2013-11-08 13:02:00,110.332,110.336,110.332,110.336,2
2013-11-08 13:03:00,110.338,110.338,110.332,110.338,16
2013-11-08 13:04:00,110.332,110.338,110.332,110.336,31
2013-11-08 13:06:00,110.338,110.338,110.332,110.334,7
2013-11-08 13:07:00,110.332,110.338,110.332,110.336,6
2013-11-08 13:23:00,110.324,110.332,110.324,110.328,42
2013-11-08 13:29:00,110.331,110.331,110.315,110.32,18
2013-11-08 13:30:00,110.266,110.339,110.253,110.339,90
2013-11-08 13:31:00,110.276,110.276,110.268,110.272,18
2013-11-08 13:33:00,110.276,110.284,110.274,110.284,7
2013-11-08 13:34:00,110.284,110.284,110.278,110.278,3
2013-11-08 13:37:00,110.284,110.292,110.284,110.288,20
2013-11-08 13:39:00,110.292,110.292,110.288,110.288,2
2013-11-08 13:41:00,110.284,110.288,110.284,110.288,2
2013-11-08 13:48:00,110.284,110.292,110.284,110.288,69
2013-11-08 13:49:00,110.276,110.28,110.276,110.28,2
2013-11-08 13:50:00,110.276,110.284,110.276,110.28,3
2013-11-08 13:51:00,110.276,110.284,110.276,110.278,21
2013-11-08 13:53:00,110.276,110.284,110.276,110.28,7
2013-11-08 13:57:00,110.284,110.284,110.28,110.28,2
2013-11-08 14:19:00,110.276,110.28,110.276,110.28,2
2013-11-08 14:21:00,110.276,110.276,110.268,110.272,4
2013-11-08 14:22:00,110.268,110.272,110.268,110.272,10
2013-11-08 14:25:00,110.268,110.276,110.268,110.27,16
2013-11-08 14:29:00,110.276,110.276,110.27,110.27,3
2013-11-08 14:37:00,110.284,110.284,110.278,110.278,2
2013-11-08 14:44:00,110.284,110.284,110.276,110.282,5
2013-11-08 14:47:00,110.276,110.28,110.276,110.28,2
2013-11-08 15:28:00,110.268,110.272,110.268,110.272,2
2013-11-08 15:32:00,110.276,110.276,110.272,110.272,2
2013-11-08 15:52:00,110.284,110.284,110.28,110.28,2
2013-11-08 15:53:00,110.284,110.284,110.276,110.28,6
2013-11-08 15:54:00,110.276,110.28,110.276,110.28,2
2013-11-08 16:36:00,110.284,110.284,110.284,110.284,1
2013-11-08 17:14:00,110.292,110.292,110.288,110.288,2
2013-11-08 17:27:00,110.284,110.288,110.284,110.288,2
2013-11-08 17:54:00,110.284,110.284,110.276,110.28,8
2013-11-08 20:10:00,110.276,110.28,110.276,110.28,2
2013-11-08 20:29:00,110.268,110.272,110.268,110.272,2
2013-11-08 20:30:00,110.276,110.276,110.272,110.272,2
2013-11-08 20:38:00,110.268,110.272,110.268,110.272,2
2013-11-08 20:39:00,110.276,110.276,110.272,110.272,2
2013-11-08 20:46:00,110.274,110.274,110.268,110.272,8
2013-11-08 20:59:00,110.268,110.272,110.268,110.272,2
2013-11-08 21:12:00,110.274,110.274,110.272,110.272,2
2013-11-08 21:36:00,110.268,110.272,110.268,110.272,2
2013-11-08 21:54:00,110.276,110.276,110.272,110.272,2
2013-11-08 21:59:00,110.276,110.276,110.276,110.276,1
2013-11-11 01:05:00,110.272,110.272,110.272,110.272,1
2013-11-11 02:24:00,110.264,110.268,110.264,110.268,2
2013-11-11 02:28:00,110.272,110.272,110.272,110.272,1
2013-11-11 08:25:00,110.28,110.28,110.276,110.276,2
2013-11-11 11:36:00,110.272,110.276,110.272,110.276,2
2013-11-11 13:11:00,110.28,110.28,110.276,110.276,3
2013-11-11 14:19:00,110.282,110.288,110.28,110.284,6
2013-11-11 17:05:00,110.272,110.276,110.272,110.276,2
2013-11-11 17:33:00,110.28,110.28,110.274,110.274,3
2013-11-11 17:37:00,110.272,110.276,110.272,110.276,2
2013-11-11 18:07:00,110.272,110.28,110.272,110.276,4
2013-11-11 18:38:00,110.272,110.28,110.272,110.276,11
2013-11-11 21:09:00,110.264,110.268,110.264,110.268,2
2013-11-11 21:59:00,110.264,110.264,110.264,110.264,1
2013-11-11 23:13:00,110.272,110.272,110.272,110.272,1
2013-11-11 23:23:00,110.264,110.268,110.264,110.268,2
2013-11-11 23:36:00,110.268,110.268,110.266,110.266,2
2013-11-11 23:37:00,110.264,110.266,110.264,110.266,2
2013-11-12 00:33:00,110.272,110.272,110.268,110.268,4
2013-11-12 00:39:00,110.27,110.27,110.27,110.27,1
2013-11-12 00:45:00,110.264,110.266,110.264,110.266,2
2013-11-12 00:52:00,110.268,110.268,110.266,110.266,2
2013-11-12 00:53:00,110.268,110.268,110.264,110.266,4
2013-11-12 00:57:00,110.27,110.272,110.27,110.272,2
2013-11-12 00:58:00,110.27,110.272,110.27,110.272,2
2013-11-12 00:59:00,110.264,110.266,110.264,110.266,2
2013-11-12 01:08:00,110.272,110.272,110.268,110.268,2
2013-11-12 01:13:00,110.27,110.272,110.264,110.268,5
2013-11-12 01:14:00,110.27,110.272,110.27,110.272,2
2013-11-12 01:16:00,110.272,110.272,110.272,110.272,1
2013-11-12 01:18:00,110.27,110.27,110.27,110.27,1
2013-11-12 01:26:00,110.272,110.272,110.272,110.272,1
2013-11-12 03:25:00,110.264,110.268,110.264,110.268,2
2013-11-12 07:07:00,110.258,110.26,110.258,110.26,2
2013-11-12 10:32:00,110.248,110.248,110.248,110.248,1
2013-11-12 12:30:00,110.254,110.254,110.254,110.254,1
2013-11-12 12:49:00,110.248,110.252,110.248,110.252,2
2013-11-12 13:05:00,110.254,110.254,110.25,110.25,2
2013-11-12 13:59:00,110.248,110.252,110.248,110.252,2
2013-11-12 14:22:00,110.254,110.254,110.25,110.25,2
2013-11-12 14:50:00,110.262,110.262,110.258,110.258,2
2013-11-12 15:17:00,110.26,110.26,110.258,110.258,2
2013-11-12 15:41:00,110.254,110.254,110.254,110.254,1
2013-11-12 15:42:00,110.262,110.262,110.258,110.258,2
2013-11-12 15:49:00,110.254,110.258,110.254,110.258,2
2013-11-12 15:53:00,110.262,110.262,110.258,110.258,2
2013-11-12 15:59:00,110.254,110.258,110.254,110.258,2
2013-11-12 16:11:00,110.254,110.262,110.254,110.258,4
2013-11-12 16:12:00,110.254,110.262,110.254,110.258,4
2013-11-12 16:13:00,110.26,110.26,110.26,110.26,1
2013-11-12 16:17:00,110.256,110.258,110.256,110.258,2
2013-11-12 16:24:00,110.246,110.25,110.246,110.25,2
2013-11-12 16:28:00,110.254,110.254,110.25,110.25,2
2013-11-12 16:29:00,110.246,110.25,110.246,110.25,2
2013-11-12 16:30:00,110.246,110.254,110.246,110.254,3
2013-11-12 16:31:00,110.246,110.254,110.246,110.25,4
2013-11-12 16:34:00,110.246,110.254,110.246,110.25,4
2013-11-12 16:36:00,110.246,110.254,110.246,110.25,4
2013-11-12 16:37:00,110.246,110.254,110.246,110.25,4
2013-11-12 16:38:00,110.254,110.254,110.25,110.25,3
2013-11-12 16:43:00,110.246,110.25,110.246,110.25,2
2013-11-12 17:17:00,110.246,110.246,110.238,110.244,4
2013-11-12 18:03:00,110.246,110.246,110.238,110.244,5
2013-11-12 18:58:00,110.238,110.244,110.238,110.244,2
2013-11-12 19:09:00,110.246,110.246,110.242,110.242,2
2013-11-12 19:23:00,110.238,110.242,110.238,110.242,2
2013-11-12 19:28:00,110.238,110.246,110.238,110.24,5
2013-11-12 19:39:00,110.246,110.246,110.238,110.242,6
2013-11-12 19:40:00,110.238,110.242,110.238,110.242,2
2013-11-12 19:41:00,110.246,110.246,110.242,110.242,2
2013-11-12 19:42:00,110.238,110.244,110.238,110.244,3
2013-11-12 19:43:00,110.242,110.246,110.238,110.242,6
2013-11-12 19:44:00,110.246,110.246,110.238,110.246,13
2013-11-12 19:46:00,110.238,110.246,110.238,110.244,14
2013-11-12 19:47:00,110.246,110.246,110.242,110.242,2
2013-11-12 19:53:00,110.238,110.244,110.238,110.244,3
2013-11-12 19:54:00,110.246,110.246,110.242,110.242,2
2013-11-12 19:59:00,110.238,110.244,110.238,110.244,3
2013-11-12 20:10:00,110.238,110.246,110.238,110.242,5
2013-11-12 20:12:00,110.246,110.246,110.242,110.242,2
2013-11-12 20:15:00,110.238,110.242,110.238,110.242,2
2013-11-12 20:21:00,110.242,110.246,110.238,110.24,18
2013-11-12 20:22:00,110.246,110.246,110.246,110.246,1
2013-11-12 20:23:00,110.246,110.246,110.238,110.242,9
2013-11-12 20:24:00,110.238,110.246,110.238,110.242,20
2013-11-12 20:41:00,110.242,110.242,110.24,110.24,2
2013-11-12 20:42:00,110.246,110.246,110.246,110.246,1
2013-11-12 20:44:00,110.238,110.242,110.238,110.242,2
2013-11-12 21:59:00,110.238,110.238,110.238,110.238,1
2013-11-12 23:02:00,110.246,110.246,110.246,110.246,1
2013-11-13 00:42:00,110.242,110.246,110.238,110.244,9
2013-11-13 00:49:00,110.246,110.246,110.246,110.246,1
2013-11-13 09:10:00,110.254,110.254,110.25,110.25,2
2013-11-13 12:44:00,110.262,110.262,110.256,110.256,3
2013-11-13 12:55:00,110.254,110.258,110.254,110.258,2
2013-11-13 13:14:00,110.262,110.262,110.258,110.258,2
2013-11-13 13:28:00,110.262,110.27,110.262,110.264,17
2013-11-13 13:30:00,110.27,110.27,110.264,110.264,2
2013-11-13 13:32:00,110.264,110.266,110.264,110.266,2
2013-11-13 13:56:00,110.254,110.258,110.254,110.258,2
2013-11-13 14:05:00,110.262,110.262,110.258,110.258,2
2013-11-13 14:12:00,110.254,110.258,110.254,110.258,2
2013-11-13 14:13:00,110.262,110.262,110.258,110.258,2
2013-11-13 14:38:00,110.268,110.268,110.264,110.264,2
2013-11-13 14:47:00,110.264,110.266,110.264,110.266,2
2013-11-13 14:52:00,110.268,110.268,110.268,110.268,1
2013-11-13 14:53:00,110.262,110.262,110.262,110.262,1
2013-11-13 15:00:00,110.268,110.268,110.264,110.264,2
2013-11-13 15:29:00,110.268,110.268,110.262,110.266,3
2013-11-13 15:30:00,110.262,110.266,110.262,110.266,2
2013-11-13 15:31:00,110.268,110.268,110.264,110.264,2
2013-11-13 15:32:00,110.266,110.266,110.262,110.266,4
2013-11-13 15:35:00,110.268,110.268,110.262,110.262,3
2013-11-13 16:34:00,110.262,110.266,110.262,110.266,2
2013-11-13 16:36:00,110.266,110.266,110.264,110.264,2
2013-11-13 17:23:00,110.26,110.264,110.26,110.264,2
2013-11-13 17:42:00,110.268,110.268,110.264,110.264,2
2013-11-13 17:45:00,110.26,110.266,110.26,110.266,2
2013-11-13 18:22:00,110.266,110.266,110.264,110.264,2
2013-11-13 19:10:00,110.276,110.276,110.272,110.272,2
2013-11-13 19:21:00,110.268,110.272,110.268,110.272,2
2013-11-13 19:22:00,110.276,110.276,110.27,110.27,3
2013-11-13 19:56:00,110.268,110.276,110.268,110.274,7
2013-11-13 21:14:00,110.276,110.276,110.276,110.276,1
2013-11-13 21:33:00,110.284,110.284,110.28,110.28,8
2013-11-13 21:36:00,110.292,110.292,110.288,110.288,2
2013-11-13 21:48:00,110.298,110.298,110.296,110.296,2
2013-11-13 21:53:00,110.308,110.308,110.302,110.302,3
2013-11-13 21:56:00,110.3,110.306,110.3,110.306,3
2013-11-13 21:59:00,110.3,110.3,110.3,110.3,1
2013-11-13 23:01:00,110.3,110.308,110.3,110.304,4
2013-11-13 23:02:00,110.308,110.308,110.302,110.302,3
2013-11-13 23:08:00,110.3,110.306,110.3,110.306,3
2013-11-14 00:01:00,110.308,110.308,110.304,110.304,2
2013-11-14 00:24:00,110.314,110.314,110.312,110.312,2
2013-11-14 00:26:00,110.308,110.312,110.308,110.312,2
2013-11-14 00:27:00,110.308,110.312,110.308,110.312,10
2013-11-14 01:26:00,110.3,110.304,110.3,110.304,2
2013-11-14 08:02:00,110.292,110.296,110.292,110.296,2
2013-11-14 11:36:00,110.298,110.298,110.296,110.296,2
2013-11-14 11:41:00,110.292,110.296,110.292,110.296,2
2013-11-14 13:30:00,110.298,110.298,110.292,110.294,4
2013-11-14 13:33:00,110.292,110.296,110.292,110.296,2
2013-11-14 13:35:00,110.298,110.298,110.294,110.294,2
2013-11-14 13:36:00,110.298,110.298,110.292,110.294,8
2013-11-14 14:14:00,110.292,110.296,110.292,110.296,2
2013-11-14 15:13:00,110.298,110.298,110.294,110.294,2
2013-11-14 15:26:00,110.306,110.306,110.302,110.302,2
2013-11-14 15:27:00,110.306,110.306,110.298,110.302,5
2013-11-14 15:28:00,110.298,110.304,110.298,110.304,3
2013-11-14 15:45:00,110.306,110.306,110.302,110.302,2
2013-11-14 15:47:00,110.298,110.302,110.298,110.302,2
2013-11-14 15:48:00,110.306,110.306,110.302,110.302,2
2013-11-14 16:10:00,110.314,110.314,110.31,110.31,2
2013-11-14 16:14:00,110.306,110.31,110.306,110.31,2
2013-11-14 16:17:00,110.314,110.314,110.31,110.31,2
2013-11-14 16:49:00,110.306,110.314,110.306,110.31,6
2013-11-14 16:50:00,110.306,110.314,110.306,110.31,4
2013-11-14 16:52:00,110.314,110.314,110.306,110.31,6
2013-11-14 18:52:00,110.306,110.312,110.306,110.312,3
2013-11-14 19:08:00,110.314,110.314,110.31,110.31,2
2013-11-14 19:39:00,110.322,110.322,110.314,110.318,31
2013-11-14 19:40:00,110.322,110.322,110.314,110.318,4
2013-11-14 19:42:00,110.316,110.318,110.316,110.318,2
2013-11-14 20:27:00,110.322,110.322,110.322,110.322,1
2013-11-14 20:32:00,110.314,110.318,110.314,110.318,2
2013-11-14 20:34:00,110.322,110.322,110.318,110.318,2
2013-11-14 20:44:00,110.322,110.322,110.314,110.318,4
2013-11-14 20:46:00,110.314,110.314,110.314,110.314,1
2013-11-14 20:49:00,110.322,110.322,110.318,110.318,2
2013-11-14 20:56:00,110.314,110.318,110.314,110.318,2
2013-11-14 21:02:00,110.32,110.32,110.318,110.318,2
2013-11-14 21:03:00,110.322,110.322,110.314,110.314,3
2013-11-14 21:04:00,110.32,110.322,110.314,110.318,29
2013-11-14 21:07:00,110.318,110.318,110.318,110.318,1
2013-11-14 21:08:00,110.32,110.32,110.32,110.32,1
2013-11-14 21:09:00,110.32,110.32,110.318,110.318,2
2013-11-14 21:10:00,110.318,110.318,110.318,110.318,1
2013-11-14 21:12:00,110.322,110.322,110.314,110.32,5
2013-11-14 21:59:00,110.322,110.322,110.322,110.322,1
2013-11-14 23:00:00,110.33,110.33,110.33,110.33,1
2013-11-15 00:42:00,110.322,110.322,110.322,110.322,1
2013-11-15 01:58:00,110.314,110.314,110.314,110.314,1
2013-11-15 02:11:00,110.322,110.322,110.318,110.318,2
2013-11-15 02:20:00,110.318,110.318,110.318,110.318,1
2013-11-15 02:22:00,110.32,110.32,110.32,110.32,1
2013-11-15 07:08:00,110.314,110.318,110.314,110.318,2
2013-11-15 07:10:00,110.306,110.31,110.306,110.31,2
2013-11-15 07:14:00,110.314,110.314,110.306,110.308,4
2013-11-15 08:00:00,110.306,110.306,110.306,110.306,1
2013-11-15 08:24:00,110.314,110.314,110.31,110.31,2
2013-11-15 12:24:00,110.306,110.31,110.306,110.31,2
2013-11-15 12:26:00,110.314,110.314,110.31,110.31,2
2013-11-15 13:12:00,110.306,110.31,110.306,110.31,2
2013-11-15 13:21:00,110.298,110.302,110.298,110.302,2
2013-11-15 13:24:00,110.306,110.306,110.302,110.302,2
2013-11-15 13:30:00,110.306,110.314,110.306,110.308,16
2013-11-15 13:31:00,110.314,110.314,110.306,110.308,10
2013-11-15 13:32:00,110.306,110.31,110.306,110.31,2
2013-11-15 13:34:00,110.314,110.314,110.308,110.308,2
2013-11-15 14:20:00,110.32,110.32,110.316,110.316,2
2013-11-15 14:21:00,110.32,110.32,110.312,110.318,5
2013-11-15 14:22:00,110.312,110.318,110.312,110.318,3
2013-11-15 14:27:00,110.32,110.32,110.316,110.316,2
2013-11-15 14:41:00,110.312,110.318,110.312,110.318,3
2013-11-15 14:47:00,110.32,110.32,110.316,110.316,2
2013-11-15 14:48:00,110.312,110.318,110.312,110.318,2
2013-11-15 14:59:00,110.32,110.32,110.316,110.316,2
2013-11-15 15:00:00,110.312,110.318,110.312,110.318,3
2013-11-15 17:02:00,110.32,110.32,110.316,110.316,2
2013-11-15 19:55:00,110.312,110.32,110.312,110.316,12
2013-11-15 19:58:00,110.312,110.32,110.312,110.316,4
2013-11-15 20:02:00,110.32,110.32,110.316,110.316,2
2013-11-15 20:29:00,110.312,110.316,110.312,110.316,2
2013-11-15 20:31:00,110.32,110.32,110.314,110.314,3
2013-11-15 21:09:00,110.312,110.316,110.312,110.316,2
2013-11-15 21:48:00,110.32,110.32,110.316,110.316,2
2013-11-15 21:53:00,110.312,110.316,110.312,110.316,2
2013-11-15 21:59:00,110.312,110.312,110.312,110.312,1
2013-11-17 23:12:00,110.31,110.318,110.31,110.318,3
2013-11-17 23:38:00,110.318,110.318,110.314,110.314,2
2013-11-17 23:41:00,110.31,110.31,110.31,110.31,1
2013-11-18 00:09:00,110.312,110.318,110.31,110.314,20
2013-11-18 00:10:00,110.318,110.318,110.314,110.314,2
2013-11-18 00:18:00,110.318,110.318,110.314,110.314,2
2013-11-18 08:48:00,110.324,110.324,110.32,110.32,2
2013-11-18 08:52:00,110.316,110.32,110.316,110.32,2
2013-11-18 13:01:00,110.308,110.312,110.308,110.312,2
2013-11-18 13:03:00,110.316,110.316,110.312,110.312,2
2013-11-18 13:05:00,110.314,110.314,110.312,110.312,2
2013-11-18 14:04:00,110.308,110.312,110.308,110.312,2
2013-11-18 14:05:00,110.316,110.316,110.312,110.312,2
2013-11-18 15:03:00,110.324,110.324,110.32,110.32,2
2013-11-18 15:08:00,110.316,110.32,110.316,110.32,2
2013-11-18 15:10:00,110.324,110.324,110.32,110.32,2
2013-11-18 15:13:00,110.316,110.32,110.316,110.32,2
2013-11-18 15:14:00,110.324,110.324,110.32,110.32,2
2013-11-18 15:16:00,110.324,110.324,110.316,110.32,4
2013-11-18 15:17:00,110.32,110.324,110.316,110.318,15
2013-11-18 15:18:00,110.322,110.324,110.322,110.324,2
2013-11-18 15:19:00,110.316,110.318,110.316,110.318,2
2013-11-18 15:20:00,110.324,110.324,110.32,110.32,2
2013-11-18 15:37:00,110.316,110.32,110.316,110.32,2
2013-11-18 15:47:00,110.324,110.324,110.324,110.324,1
2013-11-18 16:25:00,110.324,110.324,110.316,110.32,11
2013-11-18 16:41:00,110.316,110.32,110.316,110.32,2
2013-11-18 16:43:00,110.324,110.324,110.318,110.318,3
2013-11-18 16:48:00,110.324,110.324,110.316,110.32,14
2013-11-18 17:23:00,110.316,110.32,110.316,110.32,2
2013-11-18 17:24:00,110.324,110.324,110.318,110.318,3
2013-11-18 17:41:00,110.316,110.32,110.316,110.32,2
2013-11-18 17:48:00,110.324,110.324,110.318,110.318,3
2013-11-18 20:32:00,110.332,110.332,110.328,110.328,2
2013-11-18 20:37:00,110.324,110.33,110.324,110.33,2
2013-11-18 20:38:00,110.324,110.332,110.324,110.328,5
2013-11-18 20:42:00,110.332,110.332,110.324,110.328,7
2013-11-18 21:58:00,110.324,110.33,110.324,110.33,3
2013-11-18 21:59:00,110.324,110.324,110.324,110.324,1
2013-11-18 23:45:00,110.324,110.324,110.324,110.324,1
2013-11-19 02:15:00,110.332,110.332,110.326,110.326,3
2013-11-19 02:24:00,110.324,110.33,110.324,110.33,3
2013-11-19 09:11:00,110.316,110.32,110.316,110.32,2
2013-11-19 12:08:00,110.322,110.322,110.318,110.32,3
2013-11-19 12:10:00,110.316,110.32,110.316,110.32,2
2013-11-19 12:30:00,110.32,110.32,110.32,110.32,1
2013-11-19 12:31:00,110.316,110.316,110.316,110.316,1
2013-11-19 13:22:00,110.322,110.322,110.318,110.318,2
2013-11-19 13:54:00,110.316,110.32,110.316,110.32,2
2013-11-19 17:47:00,110.322,110.322,110.318,110.318,2
2013-11-19 17:48:00,110.314,110.318,110.314,110.318,2
2013-11-19 17:50:00,110.314,110.322,110.314,110.322,3
2013-11-19 18:05:00,110.306,110.314,110.306,110.312,6
2013-11-19 18:08:00,110.314,110.314,110.306,110.31,9
2013-11-19 18:33:00,110.306,110.312,110.306,110.312,2
2013-11-19 19:02:00,110.3,110.304,110.3,110.304,2
2013-11-19 19:03:00,110.306,110.306,110.302,110.302,2
2013-11-19 19:07:00,110.3,110.304,110.3,110.304,3
2013-11-19 19:21:00,110.306,110.306,110.302,110.302,2
2013-11-19 19:22:00,110.3,110.304,110.3,110.304,2
2013-11-19 19:23:00,110.306,110.306,110.302,110.302,2
2013-11-19 19:26:00,110.306,110.306,110.3,110.304,8
2013-11-19 19:31:00,110.3,110.304,110.3,110.304,2
2013-11-19 19:33:00,110.306,110.306,110.302,110.302,2
2013-11-19 19:39:00,110.3,110.304,110.3,110.304,3
2013-11-19 19:44:00,110.306,110.306,110.302,110.302,2
2013-11-19 19:51:00,110.3,110.304,110.3,110.304,3
2013-11-19 19:57:00,110.306,110.306,110.3,110.302,5
2013-11-19 19:58:00,110.3,110.304,110.3,110.304,3
2013-11-19 20:00:00,110.306,110.306,110.302,110.302,2
2013-11-19 21:59:00,110.306,110.306,110.306,110.306,1
2013-11-20 00:41:00,110.298,110.302,110.298,110.298,5
2013-11-20 01:55:00,110.306,110.306,110.302,110.302,2
2013-11-20 11:48:00,110.314,110.314,110.314,110.314,1
2013-11-20 12:10:00,110.306,110.306,110.306,110.306,1
2013-11-20 13:09:00,110.298,110.302,110.298,110.302,2
2013-11-20 13:12:00,110.304,110.304,110.302,110.302,2
2013-11-20 13:14:00,110.306,110.306,110.298,110.302,4
2013-11-20 13:29:00,110.306,110.314,110.306,110.31,5
2013-11-20 13:30:00,110.306,110.306,110.298,110.302,3
2013-11-20 13:31:00,110.304,110.304,110.298,110.302,4
2013-11-20 13:32:00,110.3,110.302,110.3,110.302,2
2013-11-20 13:37:00,110.306,110.306,110.302,110.302,2
2013-11-20 14:27:00,110.314,110.314,110.314,110.314,1
2013-11-20 15:20:00,110.322,110.322,110.318,110.318,2
2013-11-20 15:21:00,110.33,110.33,110.326,110.326,2
2013-11-20 15:23:00,110.336,110.336,110.332,110.332,2
2013-11-20 15:24:00,110.33,110.334,110.33,110.334,2
2013-11-20 15:25:00,110.336,110.336,110.332,110.332,4
2013-11-20 15:26:00,110.336,110.336,110.33,110.334,4
2013-11-20 15:27:00,110.336,110.336,110.33,110.334,4
2013-11-20 15:34:00,110.33,110.334,110.33,110.334,3
2013-11-20 15:35:00,110.33,110.336,110.33,110.332,10
2013-11-20 15:41:00,110.336,110.336,110.33,110.332,6
2013-11-20 15:43:00,110.33,110.334,110.33,110.334,2
2013-11-20 15:45:00,110.336,110.336,110.332,110.332,2
2013-11-20 15:51:00,110.33,110.334,110.33,110.334,2
2013-11-20 15:54:00,110.336,110.336,110.336,110.336,1
2013-11-20 15:55:00,110.33,110.334,110.33,110.334,2
2013-11-20 16:47:00,110.33,110.336,110.33,110.332,22
2013-11-20 16:48:00,110.336,110.336,110.332,110.332,2
2013-11-20 16:51:00,110.33,110.334,110.33,110.334,3
2013-11-20 16:52:00,110.336,110.336,110.33,110.332,17
2013-11-20 16:53:00,110.336,110.336,110.334,110.334,4
2013-11-20 16:57:00,110.33,110.336,110.33,110.334,4
2013-11-20 17:01:00,110.336,110.336,110.332,110.332,2
2013-11-20 17:02:00,110.33,110.336,110.33,110.334,16
2013-11-20 17:38:00,110.322,110.328,110.322,110.328,3
2013-11-20 17:51:00,110.328,110.328,110.324,110.324,2
2013-11-20 17:54:00,110.328,110.328,110.322,110.326,8
2013-11-20 18:00:00,110.322,110.326,110.322,110.326,2
2013-11-20 18:12:00,110.328,110.328,110.322,110.324,9
2013-11-20 18:15:00,110.322,110.326,110.322,110.326,2
2013-11-20 18:57:00,110.328,110.328,110.322,110.324,6
2013-11-20 18:58:00,110.322,110.322,110.322,110.322,1
2013-11-20 18:59:00,110.322,110.322,110.322,110.322,1
2013-11-20 19:00:00,110.326,110.326,110.318,110.318,5
2013-11-20 19:01:00,110.344,110.344,110.332,110.332,4
2013-11-20 19:03:00,110.344,110.352,110.344,110.348,4
2013-11-20 19:05:00,110.336,110.344,110.336,110.342,27
2013-11-20 19:10:00,110.328,110.334,110.328,110.334,2
2013-11-20 19:11:00,110.336,110.336,110.33,110.33,3
2013-11-20 19:15:00,110.344,110.344,110.338,110.338,2
2013-11-20 19:18:00,110.35,110.35,110.35,110.35,1
2013-11-20 19:19:00,110.36,110.36,110.354,110.354,3
2013-11-20 19:20:00,110.352,110.358,110.352,110.358,3
2013-11-20 19:23:00,110.344,110.348,110.344,110.348,2
2013-11-20 19:26:00,110.352,110.352,110.352,110.352,1
2013-11-20 19:31:00,110.344,110.348,110.344,110.348,2
2013-11-20 19:40:00,110.336,110.34,110.336,110.34,2
2013-11-20 19:41:00,110.344,110.344,110.34,110.34,2
2013-11-20 19:59:00,110.336,110.344,110.336,110.34,15
2013-11-20 20:01:00,110.344,110.344,110.344,110.344,1
2013-11-20 20:02:00,110.336,110.34,110.336,110.34,2
2013-11-20 20:24:00,110.328,110.332,110.328,110.332,2
2013-11-20 20:26:00,110.336,110.336,110.33,110.33,3
2013-11-20 20:32:00,110.328,110.332,110.328,110.332,3
2013-11-20 21:17:00,110.328,110.336,110.328,110.332,14
2013-11-20 21:18:00,110.328,110.332,110.328,110.332,7
2013-11-20 21:20:00,110.336,110.336,110.332,110.332,4
2013-11-20 21:21:00,110.328,110.334,110.328,110.334,3
2013-11-20 21:30:00,110.336,110.336,110.33,110.33,5
2013-11-20 21:31:00,110.334,110.336,110.328,110.334,9
2013-11-20 21:32:00,110.328,110.33,110.328,110.33,2
2013-11-20 21:48:00,110.328,110.336,110.328,110.332,4
2013-11-20 21:59:00,110.328,110.328,110.328,110.328,1
2013-11-20 23:08:00,110.322,110.324,110.322,110.324,2
2013-11-20 23:20:00,110.328,110.328,110.324,110.324,2
2013-11-20 23:28:00,110.328,110.328,110.32,110.32,5
2013-11-20 23:58:00,110.32,110.324,110.32,110.324,2
2013-11-21 01:33:00,110.328,110.328,110.324,110.324,2
2013-11-21 01:48:00,110.322,110.324,110.322,110.324,2
2013-11-21 07:58:00,110.326,110.326,110.322,110.324,6
2013-11-21 09:07:00,110.32,110.32,110.32,110.32,1
2013-11-21 09:32:00,110.328,110.328,110.324,110.324,2
2013-11-21 10:38:00,110.32,110.324,110.32,110.324,2
2013-11-21 10:57:00,110.328,110.328,110.324,110.324,2
2013-11-21 11:34:00,110.32,110.324,110.32,110.324,2
2013-11-21 11:37:00,110.326,110.326,110.326,110.326,1
2013-11-21 11:39:00,110.32,110.328,110.32,110.32,5
2013-11-21 11:50:00,110.328,110.328,110.324,110.324,2
2013-11-21 11:57:00,110.32,110.324,110.32,110.324,2
2013-11-21 12:00:00,110.328,110.328,110.32,110.324,6
2013-11-21 12:03:00,110.32,110.328,110.32,110.324,6
2013-11-21 12:04:00,110.326,110.326,110.324,110.324,2
2013-11-21 12:06:00,110.32,110.324,110.32,110.324,2
2013-11-21 12:07:00,110.324,110.324,110.324,110.324,1
2013-11-21 12:08:00,110.324,110.324,110.32,110.32,2
2013-11-21 12:09:00,110.326,110.326,110.32,110.326,8
2013-11-21 12:16:00,110.32,110.32,110.32,110.32,1
2013-11-21 12:22:00,110.328,110.328,110.324,110.324,2
2013-11-21 12:34:00,110.336,110.336,110.332,110.332,2
2013-11-21 12:38:00,110.336,110.336,110.328,110.334,7
2013-11-21 12:41:00,110.336,110.336,110.328,110.334,14
2013-11-21 12:42:00,110.336,110.336,110.328,110.332,5
2013-11-21 12:44:00,110.336,110.336,110.328,110.334,22
2013-11-21 13:12:00,110.336,110.336,110.328,110.334,6
2013-11-21 13:15:00,110.328,110.332,110.328,110.332,2
2013-11-21 13:31:00,110.328,110.328,110.32,110.324,4
2013-11-21 13:32:00,110.328,110.328,110.32,110.324,4
2013-11-21 13:48:00,110.336,110.336,110.328,110.332,15
2013-11-21 13:49:00,110.336,110.336,110.328,110.332,4
2013-11-21 13:50:00,110.336,110.336,110.328,110.332,4
2013-11-21 13:54:00,110.336,110.336,110.328,110.332,4
2013-11-21 13:57:00,110.336,110.336,110.328,110.332,4
2013-11-21 13:58:00,110.328,110.334,110.328,110.334,3
2013-11-21 14:10:00,110.336,110.336,110.332,110.332,2
2013-11-21 14:11:00,110.328,110.334,110.328,110.334,3
2013-11-21 14:13:00,110.336,110.336,110.33,110.33,3
2013-11-21 14:22:00,110.328,110.332,110.328,110.332,2
2013-11-21 14:49:00,110.32,110.324,110.32,110.324,2
2013-11-21 14:52:00,110.328,110.328,110.324,110.324,2
2013-11-21 14:53:00,110.32,110.324,110.32,110.324,2
2013-11-21 14:54:00,110.328,110.328,110.324,110.324,2
2013-11-21 15:02:00,110.336,110.336,110.33,110.33,3
2013-11-21 15:04:00,110.328,110.332,110.328,110.332,2
2013-11-21 15:05:00,110.336,110.336,110.332,110.332,2
2013-11-21 15:10:00,110.328,110.332,110.328,110.332,2
2013-11-21 15:11:00,110.336,110.336,110.332,110.332,2
2013-11-21 15:21:00,110.344,110.344,110.34,110.34,2
2013-11-21 15:34:00,110.352,110.352,110.348,110.348,2
2013-11-21 15:42:00,110.344,110.352,110.344,110.348,6
2013-11-21 15:56:00,110.344,110.352,110.344,110.352,3
2013-11-21 15:57:00,110.352,110.352,110.346,110.346,2
2013-11-21 16:17:00,110.344,110.35,110.344,110.348,6
2013-11-21 16:18:00,110.352,110.352,110.346,110.346,2
2013-11-21 16:26:00,110.344,110.348,110.344,110.348,2
2013-11-21 16:29:00,110.352,110.352,110.346,110.346,2
2013-11-21 16:40:00,110.344,110.348,110.344,110.348,2
2013-11-21 16:47:00,110.35,110.35,110.348,110.348,2
2013-11-21 17:00:00,110.352,110.352,110.344,110.348,4
2013-11-21 17:12:00,110.344,110.348,110.344,110.348,2
2013-11-21 17:19:00,110.344,110.35,110.344,110.346,4
2013-11-21 17:25:00,110.35,110.352,110.344,110.346,10
2013-11-21 17:26:00,110.344,110.352,110.344,110.348,6
2013-11-21 17:28:00,110.35,110.352,110.344,110.348,18
2013-11-21 17:52:00,110.35,110.35,110.344,110.348,4
2013-11-21 17:53:00,110.344,110.348,110.344,110.348,2
2013-11-21 17:54:00,110.344,110.35,110.344,110.346,4
2013-11-21 18:01:00,110.35,110.35,110.346,110.346,2
2013-11-21 18:05:00,110.346,110.346,110.346,110.346,1
2013-11-21 18:15:00,110.336,110.342,110.336,110.342,3
2013-11-21 18:17:00,110.344,110.344,110.338,110.338,2
2013-11-21 18:19:00,110.336,110.34,110.336,110.34,2
2013-11-21 18:21:00,110.344,110.344,110.338,110.338,3
2013-11-21 18:23:00,110.336,110.342,110.336,110.342,3
2013-11-21 18:26:00,110.344,110.344,110.34,110.34,2
2013-11-21 19:40:00,110.346,110.35,110.346,110.346,4
2013-11-21 20:32:00,110.336,110.34,110.336,110.34,2
2013-11-21 21:59:00,110.336,110.336,110.336,110.336,1
2013-11-22 09:01:00,110.318,110.318,110.318,110.318,1
2013-11-22 09:03:00,110.326,110.326,110.322,110.322,2
2013-11-22 09:10:00,110.318,110.322,110.318,110.322,2
2013-11-22 09:12:00,110.318,110.326,110.318,110.32,4
2013-11-22 10:12:00,110.31,110.316,110.31,110.316,2
2013-11-22 12:27:00,110.318,110.318,110.314,110.314,2
2013-11-22 13:17:00,110.31,110.314,110.31,110.314,2
2013-11-22 14:01:00,110.318,110.318,110.314,110.314,2
2013-11-22 14:07:00,110.31,110.314,110.31,110.314,2
2013-11-22 14:21:00,110.318,110.318,110.314,110.314,2
2013-11-22 14:23:00,110.31,110.314,110.31,110.314,2
2013-11-22 14:33:00,110.318,110.318,110.314,110.314,2
2013-11-22 14:49:00,110.31,110.314,110.31,110.314,2
2013-11-22 16:13:00,110.318,110.318,110.318,110.318,1
2013-11-22 16:15:00,110.31,110.314,110.31,110.314,3
2013-11-22 16:24:00,110.318,110.318,110.314,110.314,2
2013-11-22 16:25:00,110.31,110.314,110.31,110.314,3
2013-11-22 16:42:00,110.318,110.318,110.31,110.314,6
2013-11-22 16:57:00,110.31,110.314,110.31,110.314,2
2013-11-22 17:10:00,110.318,110.318,110.314,110.314,2
2013-11-22 17:19:00,110.31,110.314,110.31,110.314,2
2013-11-22 18:35:00,110.318,110.318,110.314,110.314,2
2013-11-22 18:37:00,110.31,110.314,110.31,110.314,2
2013-11-22 18:41:00,110.318,110.318,110.314,110.314,2
2013-11-22 21:59:00,110.318,110.318,110.318,110.318,1
2013-11-24 23:31:00,110.314,110.314,110.312,110.312,2
2013-11-24 23:32:00,110.308,110.312,110.308,110.312,2
2013-11-25 01:38:00,110.3,110.308,110.3,110.304,6
2013-11-25 02:08:00,110.306,110.308,110.3,110.304,9
2013-11-25 02:11:00,110.308,110.308,110.308,110.308,1
2013-11-25 02:54:00,110.3,110.304,110.3,110.304,2
2013-11-25 02:55:00,110.304,110.304,110.3,110.302,6
2013-11-25 02:56:00,110.3,110.302,110.3,110.302,2
2013-11-25 03:28:00,110.304,110.304,110.302,110.302,2
2013-11-25 03:29:00,110.3,110.306,110.3,110.306,3
2013-11-25 03:30:00,110.306,110.306,110.302,110.302,2
2013-11-25 08:25:00,110.314,110.314,110.31,110.31,2
2013-11-25 10:56:00,110.322,110.322,110.318,110.318,2
2013-11-25 12:04:00,110.314,110.314,110.314,110.314,1
2013-11-25 12:18:00,110.322,110.322,110.318,110.318,2
2013-11-25 14:39:00,110.322,110.322,110.314,110.318,4
2013-11-25 16:40:00,110.314,110.322,110.314,110.318,6
2013-11-25 16:57:00,110.322,110.322,110.318,110.318,2
2013-11-25 17:06:00,110.314,110.318,110.314,110.318,2
2013-11-25 21:22:00,110.32,110.32,110.318,110.318,2
2013-11-25 21:29:00,110.314,110.318,110.314,110.318,4
2013-11-25 21:30:00,110.322,110.322,110.314,110.318,4
2013-11-25 21:31:00,110.314,110.318,110.314,110.318,2
2013-11-25 21:38:00,110.314,110.32,110.314,110.318,4
2013-11-25 21:39:00,110.322,110.322,110.318,110.318,2
2013-11-25 21:59:00,110.322,110.322,110.322,110.322,1
2013-11-25 23:23:00,110.33,110.33,110.326,110.326,2
2013-11-25 23:34:00,110.322,110.326,110.322,110.326,2
2013-11-25 23:35:00,110.322,110.33,110.322,110.326,4
2013-11-25 23:40:00,110.33,110.33,110.326,110.326,2
2013-11-25 23:41:00,110.322,110.326,110.322,110.326,2
2013-11-25 23:42:00,110.33,110.33,110.326,110.326,2
2013-11-25 23:49:00,110.322,110.326,110.322,110.326,2
2013-11-25 23:50:00,110.322,110.33,110.322,110.326,4
2013-11-26 14:05:00,110.312,110.316,110.312,110.316,2
2013-11-26 14:27:00,110.32,110.32,110.316,110.316,2
2013-11-26 14:59:00,110.32,110.32,110.32,110.32,1
2013-11-26 15:00:00,110.328,110.328,110.324,110.324,3
2013-11-26 19:19:00,110.32,110.324,110.32,110.324,2
2013-11-26 19:42:00,110.328,110.328,110.324,110.324,2
2013-11-26 20:30:00,110.32,110.324,110.32,110.324,2
2013-11-26 21:06:00,110.326,110.326,110.324,110.324,2
2013-11-26 21:33:00,110.32,110.32,110.32,110.32,1
2013-11-26 21:48:00,110.328,110.328,110.324,110.324,2
2013-11-26 21:59:00,110.328,110.328,110.328,110.328,1
2013-11-27 01:36:00,110.328,110.328,110.328,110.328,1
2013-11-27 13:03:00,110.32,110.32,110.32,110.32,1
2013-11-27 13:21:00,110.32,110.326,110.32,110.322,4
2013-11-27 13:23:00,110.326,110.326,110.322,110.322,2
2013-11-27 13:26:00,110.326,110.326,110.32,110.324,4
2013-11-27 13:29:00,110.32,110.324,110.32,110.324,2
2013-11-27 13:31:00,110.326,110.326,110.322,110.322,2
2013-11-27 16:03:00,110.334,110.334,110.33,110.33,2
2013-11-27 16:30:00,110.326,110.33,110.326,110.33,2
2013-11-27 16:35:00,110.334,110.334,110.33,110.33,2
2013-11-27 16:36:00,110.326,110.33,110.326,110.33,2
2013-11-27 16:45:00,110.318,110.322,110.318,110.322,2
2013-11-27 16:47:00,110.326,110.326,110.322,110.322,2
2013-11-27 17:08:00,110.318,110.322,110.318,110.322,2
2013-11-27 17:40:00,110.326,110.326,110.322,110.322,2
2013-11-27 18:41:00,110.334,110.334,110.33,110.33,2
2013-11-27 18:50:00,110.326,110.33,110.326,110.33,2
2013-11-27 19:58:00,110.334,110.334,110.334,110.334,1
2013-11-27 19:59:00,110.342,110.342,110.338,110.338,2
2013-11-27 20:29:00,110.334,110.338,110.334,110.338,2
2013-11-27 20:31:00,110.334,110.342,110.334,110.338,4
2013-11-27 20:34:00,110.334,110.342,110.334,110.338,5
2013-11-27 21:59:00,110.334,110.334,110.334,110.334,1
2013-11-27 23:17:00,110.334,110.334,110.334,110.334,1
2013-11-28 01:44:00,110.326,110.326,110.326,110.326,1
2013-11-28 01:45:00,110.334,110.334,110.33,110.33,2
2013-11-28 03:25:00,110.326,110.33,110.326,110.33,2
2013-11-28 03:26:00,110.33,110.33,110.33,110.33,1
2013-11-28 03:28:00,110.326,110.326,110.326,110.326,1
2013-11-28 06:57:00,110.326,110.334,110.326,110.334,3
2013-11-28 06:58:00,110.33,110.33,110.33,110.33,1
2013-11-28 07:01:00,110.328,110.328,110.328,110.328,1
2013-11-28 07:02:00,110.33,110.33,110.33,110.33,1
2013-11-28 07:06:00,110.332,110.332,110.332,110.332,1
2013-11-28 08:01:00,110.33,110.33,110.33,110.33,1
2013-11-28 08:02:00,110.328,110.328,110.328,110.328,1
2013-11-28 13:54:00,110.34,110.342,110.338,110.342,4
2013-11-28 13:55:00,110.342,110.342,110.342,110.342,1
2013-11-28 13:58:00,110.334,110.338,110.334,110.338,2
2013-11-28 14:00:00,110.34,110.342,110.336,110.336,4
2013-11-28 14:01:00,110.342,110.342,110.34,110.342,3
2013-11-28 14:12:00,110.342,110.342,110.334,110.338,4
2013-11-28 17:25:00,110.334,110.338,110.334,110.338,2
2013-11-28 17:26:00,110.336,110.336,110.336,110.336,1
2013-11-28 17:28:00,110.338,110.338,110.338,110.338,1
2013-11-28 18:00:00,110.338,110.338,110.338,110.338,1
2013-11-29 01:34:00,110.324,110.324,110.324,110.324,1
2013-11-29 02:28:00,110.316,110.32,110.316,110.32,2
2013-11-29 02:33:00,110.32,110.32,110.318,110.318,2
2013-11-29 02:39:00,110.324,110.324,110.324,110.324,1
2013-11-29 03:15:00,110.322,110.322,110.322,110.322,1
2013-11-29 03:16:00,110.324,110.324,110.324,110.324,1
2013-11-29 03:45:00,110.322,110.322,110.322,110.322,1
2013-11-29 03:47:00,110.324,110.324,110.32,110.324,5
2013-11-29 04:02:00,110.324,110.324,110.322,110.322,2
2013-11-29 13:32:00,110.324,110.332,110.324,110.328,4
2013-11-29 15:13:00,110.332,110.332,110.328,110.328,2
2013-11-29 16:31:00,110.34,110.34,110.336,110.336,2
2013-11-29 18:01:00,110.34,110.34,110.332,110.336,4
2013-11-29 18:02:00,110.332,110.34,110.332,110.336,6
2013-11-29 18:15:00,110.332,110.332,110.332,110.332,1
